R,RDes,P,PDes,Y,YDes,FaultIn
0.02763164,-8.64997,0.009498969,-13.25832,0.01701211,0.04993329,0
0.02659178,-8.650939,0.0002130399,-13.25855,0.01141797,0.05113425,0
0.01027065,-9.169932,0.01431552,-13.26015,-0.02710881,0.04596785,0
0.02471303,-8.654019,-0.01898311,-13.25598,-0.01885755,0.05128759,0
-0.004687846,-9.168413,0.003046365,-13.25313,-0.008576454,0.04645908,0
-0.01409043,-8.647234,0.003073042,-13.25288,-0.03573854,0.05096447,0
0.02861051,-9.684381,-0.01769509,-13.24878,0.004160877,0.04257007,0
-0.07431059,-8.641847,0.01191098,-13.24972,0.005543781,0.05024665,0
0.008210133,-9.159021,0.022379,-13.25019,0.01088821,0.04664605,0
0.04390118,-9.677575,0.005956021,-13.25243,-0.006421235,0.04231675,0
0.02914375,-8.647792,0.002152908,-13.25235,0.02763662,0.04963008,0
0.04883176,-9.167365,-0.006353953,-13.25055,0.05548706,0.04594634,0
0.04925558,-9.170095,0.05986391,-13.25124,0.08771889,0.04473991,0
-0.02075222,-8.647256,0.02353112,-13.25178,-0.09907719,0.05185401,0
-0.1112543,-8.639127,-0.1577235,-13.24059,-0.1245526,0.05289306,0
-0.03338374,-8.64323,-0.158676,-13.23815,0.08935078,0.04858598,0
-0.2091901,-9.147694,0.04352946,-13.25649,0.08240899,0.04336759,0
-0.1853565,-9.14328,0.06145535,-13.26356,-0.04390267,0.04559884,0
-0.08159109,-8.631418,0.02061504,-13.25921,-0.0625339,0.04942185,0
-0.1353115,-8.628243,0.07637174,-13.26475,-0.07382212,0.0483729,0
-0.04898055,-9.147912,-0.2005107,-13.23667,0.1812743,0.04355008,0
-0.06229305,-8.632128,-0.1391614,-13.23887,0.1373247,0.0475525,0
-0.05104128,-9.143324,0.03447716,-13.24599,-0.07635998,0.04465999,0
0.07435051,-9.167683,0.1024597,-13.26298,-0.2813475,0.04657483,0
0.02140145,-9.166041,-0.1087538,-13.24667,0.157821,0.03873277,0
-0.06611545,-8.642409,0.08479526,-13.24194,0.2295135,0.04846171,0
-0.07019977,-9.17163,0.1601193,-13.26281,-0.5480406,0.05395648,0
-0.2434466,-8.625233,-0.4092137,-13.21803,0.5007969,0.04756271,0
0.6000871,-9.19839,0.2608133,-13.23649,-0.008308001,0.04645916,0
-0.1418857,-8.659653,0.4532113,-13.28297,-0.4801903,0.05130259,0
0.4856365,-9.205256,-0.6775778,-13.19969,0.7275295,0.03501968,0
-0.7609491,-9.171116,0.2931591,-13.23314,-0.5687104,0.04214318,0
-0.09070464,-8.608818,0.4069431,-13.26536,-0.1520603,0.05702187,0
0.5612879,-9.206326,0.1278502,-13.26604,-0.3822897,0.04463118,0
0.7037841,-9.219653,0.0487289,-13.21858,0.3416453,0.04882182,0
-1.140172,-9.074717,-1.143895,-13.14411,-0.3626813,0.04055262,0
-0.92927,-9.076036,-0.1967449,-13.20234,-0.02172048,0.04661826,0
-1.705125,-9.04475,-0.5008267,-13.17903,0.3429233,0.03464443,0
0.6513122,-9.191982,0.7320987,-13.23188,-0.3877581,0.04799926,0
0.1527096,-9.167271,-0.1804022,-13.18446,0.6267931,0.02816797,0
0.4139802,-9.181221,0.2416764,-13.23817,-0.4718993,0.059234,0
-0.2381025,-9.11464,-0.419663,-13.18338,1.029014,0.02271612,0
0.9987352,-9.180568,0.6393934,-13.27595,-1.015189,0.05706493,0
0.538714,-9.164529,-0.04497885,-13.19841,0.5116944,0.03674592,0
-0.2435378,-8.694676,-0.5944385,-13.20527,-0.4023486,0.04185829,0
1.177297,-9.137363,0.380468,-13.27156,0.4772534,0.03966266,0
-1.490358,-9.088984,-0.246296,-13.2248,0.7240585,0.01535441,0
1.530656,-9.256434,-0.1871953,-13.18365,-0.4766411,0.05285433,0
-1.311117,-8.558617,0.05767003,-13.25807,0.2179483,0.03072304,0
0.4752963,-9.169118,0.272348,-13.21898,-1.090441,0.06123498,0
-0.2745369,-9.145204,-0.08347239,-13.18972,1.246639,0.0170922,0
0.4308379,-8.747132,-0.5911381,-13.20793,-0.205858,0.04217117,0
0.5471547,-8.626814,0.4052857,-13.25009,0.4687658,0.04027373,0
-1.320072,-8.555737,-0.1205359,-13.21168,0.1538579,0.04265702,0
1.133093,-9.218113,-0.9935645,-13.11824,-0.493394,0.06504098,0
-0.370286,-9.159093,0.3546327,-13.25652,0.6404123,0.01869852,0
0.3242633,-9.189811,0.5488712,-13.26713,-0.8375993,0.0477216,0
0.03118936,-9.06558,-0.2246919,-13.21928,1.076745,0.03527155,0
-0.4156607,-9.133156,-0.949595,-13.11768,-0.3464655,0.04364589,0
1.465688,-9.220684,0.3232445,-13.23095,-0.04050398,0.03862764,0
-1.62434,-9.061357,-0.2573089,-13.2174,0.1843631,0.02403664,0
0.2734836,-8.632785,0.04527323,-13.2198,-0.9446648,0.06275873,0
-0.1586107,-8.621133,-0.2101953,-13.17531,0.8668807,0.03081828,0
-0.2013919,-9.200414,-0.5419024,-13.18816,-0.4569123,0.04572082,0
0.1133437,-9.202429,1.024465,-13.26469,0.6160996,0.02610784,0
-1.317115,-9.071474,-0.8784194,-13.15879,0.247704,0.02406057,0
-0.1802732,-9.11551,-0.3090917,-13.19281,-0.9349295,0.07208829,0
0.904644,-9.239451,-0.09687953,-13.19172,0.568038,0.02950534,0
1.117903,-9.25627,0.5647751,-13.20307,-0.1316375,0.03687344,0
-0.6748111,-9.112563,0.4674856,-13.23558,0.5727296,0.0316034,0
-0.4901322,-8.622839,0.06185381,-13.22084,0.09363107,0.04288863,0
0.8489602,-8.640964,-1.089389,-13.14402,-0.337753,0.06991732,0
-0.4566082,-8.670357,0.2995392,-13.19477,0.664363,0.03179221,0
1.373454,-9.282945,1.390336,-13.3043,-0.3157834,0.04017115,0
0.2294104,-9.631063,0.09026814,-13.21804,0.1795683,0.02683584,0
-0.5638227,-9.148836,-0.9880232,-13.17778,-0.03803029,0.0422571,0
1.015589,-9.184045,0.3433825,-13.17755,-0.021791,0.06490971,0
-0.04547042,-9.727528,0.06117225,-13.22061,0.8125324,0.02118892,0
0.7537358,-9.217791,0.622306,-13.23902,-0.6168523,0.06222523,0
-0.3885068,-9.132033,0.0220882,-13.21294,0.1946594,0.04471831,0
-0.3708926,-8.639951,0.1240006,-13.23252,-0.02285619,0.04348913,0
0.4689763,-9.197749,-0.5690024,-13.16141,-0.3780031,0.05273908,0
-1.380902,-8.574555,0.03682947,-13.20378,0.3144276,0.03996971,0
0.4302165,-8.694115,0.8323329,-13.2704,-0.435441,0.05347998,0
0.1134896,-8.646102,0.3395083,-13.26891,0.4445276,0.05001594,0
0.7163689,-9.253954,-0.04458614,-13.29367,-0.3843209,0.03922147,0
0.7586073,-9.170714,0.5590459,-13.27486,0.209592,0.0416289,0
-0.9640211,-8.666475,0.4195457,-13.23811,0.1274755,0.04053885,0
0.2092708,-8.720321,-0.001402393,-13.24815,-0.459009,0.05025639,0
-0.07438181,-9.199586,-0.2700593,-13.18952,0.5399794,0.02735732,0
0.4258403,-9.249454,0.1142482,-13.27322,-0.1004598,0.03297505,0
1.352399,-9.267185,0.4637927,-13.20108,0.1986596,0.05834041,0
-1.309261,-8.600493,-0.8473595,-13.1626,-0.1763655,0.04487565,0
-0.3332718,-8.68908,-0.5388007,-13.13291,-0.4497472,0.06441585,0
0.1521771,-9.160039,0.07875548,-13.21653,0.3568989,0.04564745,0
-0.4065948,-9.17399,-0.577408,-13.16925,-0.2942137,0.04948611,0
0.1872023,-8.639026,0.8931214,-13.28193,0.4787538,0.0502051,0
-1.224725,-9.148962,-0.1780832,-13.1546,0.07174911,0.04166526,0
0.5939914,-8.694934,0.3258043,-13.30369,-0.5242941,0.05381737,0
-0.8408542,-9.178175,-0.176913,-13.22418,0.7476082,0.01453121,0
0.1761619,-9.247819,0.3043568,-13.2501,-0.24671,0.03150976,0
-0.1949779,-9.134721,0.3031227,-13.23299,0.0001444108,0.05543439,0
-1.638281,-9.132987,-0.2098114,-13.23935,-0.06199183,0.03330836,0
0.8669416,-9.254807,0.007537989,-13.21411,-0.2213067,0.05602027,0
-0.1272238,-9.228659,0.2671135,-13.2303,0.8015466,0.02557766,0
0.9550142,-8.775583,0.4645923,-13.27678,-0.5301162,0.04771357,0
-0.06478599,-9.193338,0.3062872,-13.2662,0.4601059,0.04618162,0
-1.946219,-9.131691,-0.5956393,-13.16656,0.2387311,0.0360806,0
0.492305,-9.761642,-0.3838626,-13.16157,-0.6633304,0.05355106,0
-0.8659229,-9.214139,-0.03567322,-13.21978,0.5614501,0.03253744,0
0.7438881,-9.290092,0.2851871,-13.25722,-0.1920767,0.04014632,0
0.886578,-9.766873,0.4906059,-13.27543,0.4109248,0.04492552,0
-1.246709,-8.681623,-0.2057587,-13.19557,-0.279979,0.04914119,0
1.756872,-9.299602,0.3606237,-13.24909,-0.001029977,0.05716261,0
-0.8453982,-8.69793,-0.1763646,-13.19185,0.7130195,0.0293317,0
0.7801754,-8.768325,0.1417223,-13.28693,-0.6104935,0.04735622,0
0.04373956,-8.672174,0.5944387,-13.31499,0.4066382,0.04393091,0
-1.021657,-9.167838,-0.2824132,-13.22762,0.07013527,0.03510875,0
0.2464042,-9.197665,-0.6868555,-13.19431,-0.1325704,0.05684404,0
-0.2190224,-9.24001,-0.4227371,-13.23018,0.1121337,0.0349212,0
1.352228,-8.817542,0.7803536,-13.2743,-0.1350227,0.04105121,0
0.4129464,-9.236527,1.023464,-13.31761,0.293039,0.04656271,0
-0.8838115,-8.650233,-0.324058,-13.23547,0.1622158,0.03542667,0
0.2257374,-9.235664,-0.789728,-13.19865,0.01975284,0.05418453,0
-0.5275477,-9.175701,0.1159959,-13.27631,0.5081989,0.04111737,0
-0.03275514,-9.244332,-0.3120271,-13.22161,-0.2073661,0.051613,0
0.02664485,-9.230492,-0.7189128,-13.20107,0.03889453,0.03958675,0
-0.8127711,-8.714346,0.3519781,-13.24667,-0.1687688,0.04700074,0
0.9356161,-8.769291,0.5641013,-13.2738,0.09384577,0.04792047,0
0.692916,-8.766465,-0.1022593,-13.22525,0.467184,0.03637491,0
0.4706438,-8.748999,0.05523478,-13.24829,-0.06345166,0.04864505,0
-0.4593673,-9.194575,0.1883368,-13.27706,0.14575,0.02698417,0
0.8752817,-8.780509,-0.04440319,-13.23574,-0.04929087,0.0452962,0
0.6879302,-8.771305,0.09247205,-13.24515,0.1018372,0.04908145,0
-1.33318,-8.665325,0.05397195,-13.24452,0.2191849,0.03434419,0
0.2146011,-9.261474,-0.8418007,-13.19414,-0.4732586,0.04761,0
0.06280603,-9.23951,0.6253184,-13.29402,-0.2637804,0.05610631,0
-0.4541299,-8.695143,0.528904,-13.2604,0.4951323,0.04706018,0
0.9533707,-9.345016,-1.203871,-13.18177,0.238349,0.03819347,0
0.6431619,-9.307108,0.4962598,-13.2942,-0.4371772,0.05807388,0
2.303841,-9.35613,-0.08910317,-13.18782,-0.1349969,0.05898816,0
-2.391319,-9.155437,-1.596043,-13.08893,0.4755505,0.04493837,0
-2.13605,-9.693337,0.2088398,-13.31189,0.06719838,0.04244315,0
0.1005808,-9.218252,-2.157337,-13.14149,-1.109447,0.06656351,0
1.841982,-8.906257,1.83313,-13.3927,-0.9552296,0.08750796,0
0.1076706,-9.713103,3.047719,-13.50415,0.4160328,0.05111565,0
-4.561625,-8.996635,-3.00871,-13.14965,0.9714241,0.02496194,0
-0.9271667,-9.355443,0.1633241,-13.23949,-1.203079,0.06164076,0
3.335351,-9.603717,1.058682,-13.33808,-0.1511146,0.0809819,0
1.756444,-9.549749,2.392348,-13.20646,-0.8287898,0.07099204,0
4.843874,-9.77556,-1.075857,-13.01224,-0.3532753,0.06468393,0
2.561105,-9.1818,0.6240574,-13.36224,0.8209933,-0.001007701,0
-1.526128,-9.346763,-2.621351,-13.00952,0.05336515,-0.005670605,0
-7.613306,-9.127948,-4.026893,-13.01965,-0.03796676,0.008505441,0
-2.9716,-8.919151,-1.500578,-13.24735,-0.2905962,-0.01507513,0
-4.852335,-9.267064,3.230733,-13.43375,-0.4455592,-0.03021913,0
9.267593,-10.34504,-0.9263259,-13.00427,-0.4904341,-0.03600899,0
-2.946989,-8.930463,-5.60445,-12.9447,-0.8328266,-0.02366281,0
-5.969864,-8.932965,1.512017,-13.0905,-1.582827,-0.01683515,0
-0.7691289,-9.516835,0.7043377,-13.02131,-2.256912,0.06457914,0
0.05602629,-9.545733,-2.910374,-13.11194,-1.525203,0.02470291,0
4.854857,-9.394433,3.084215,-13.40609,0.1141943,0.04812444,0
-0.8648365,-9.64364,-0.3456882,-13.04829,-0.4867985,0.1137098,0
2.404088,-9.570085,-4.89426,-12.62902,-1.083061,0.1495486,0
1.494703,-9.137454,-3.50851,-13.04252,-1.142352,0.09702349,0
-3.063668,-9.071577,0.9712281,-13.35889,-0.9888285,0.1281554,0
5.2583,-10.32172,-4.06649,-12.7686,-0.9219008,0.1707421,0
0.8039596,-9.873313,-0.8188115,-12.93294,-1.024528,0.1721482,0
3.121968,-10.09885,0.6378868,-12.93354,-0.4625188,0.1768919,0
-2.911026,-9.62921,-1.908481,-12.90917,-0.4660513,0.1880803,0
-3.651458,-9.57382,2.028144,-13.32274,0.4250776,0.1290266,0
2.266237,-10.01648,2.011679,-13.16011,0.3649664,0.1523635,0
-2.514078,-10.0262,3.224908,-13.01002,1.219784,0.1112597,0
-4.189703,-9.082268,4.693288,-13.44398,0.9768435,0.0749991,0
-0.7111921,-9.329401,1.635984,-13.19195,0.3813604,0.1082165,0
0.2525138,-9.76405,1.104897,-13.09975,-1.00423,0.1347883,0
3.258195,-10.03215,-1.796518,-13.05825,-0.5986078,0.1539503,0
0.01580035,-9.442527,-4.111794,-12.57083,-0.3271345,0.1313029,0
-3.804367,-9.594634,-2.05025,-13.02205,-0.4420682,0.1075528,0
4.631471,-10.78467,-1.982386,-13.09804,0.2929665,0.08523694,0
-1.864835,-9.917336,-1.95992,-12.8907,-0.08155548,0.1325204,0
2.9896,-9.66046,-0.5241492,-13.11486,0.09449238,0.1137489,0
3.764502,-10.18951,1.702995,-13.06289,1.957344,0.07522498,0
-4.935708,-9.548037,3.064606,-13.23997,0.2379296,0.08656923,0
1.230658,-9.78938,0.3352345,-13.20065,-0.1616669,0.07857483,0
-1.222754,-10.01394,0.9280097,-12.95863,-0.9152786,0.1410622,0
0.9265881,-9.689793,-3.016984,-12.795,-0.3212501,0.1282103,0
-1.198546,-10.00528,2.140655,-12.98417,0.02289487,0.07331313,0
-0.1447035,-9.38454,-2.117783,-12.81331,-0.7077625,0.102709,0
1.698123,-10.18997,-1.229622,-13.00037,-1.190515,0.106958,0
-2.360801,-10.02309,-0.2188425,-13.03749,0.1386092,0.07521185,0
1.493983,-9.620196,-0.9266542,-12.99117,-0.08842,0.1133282,0
-1.953051,-9.39625,4.540403,-13.43695,0.8741231,0.0395811,0
3.22662,-10.42701,-0.4408217,-12.89543,1.120774,0.05282896,0
-2.276252,-10.10368,2.277246,-13.08934,-0.4576384,0.06501039,0
3.012655,-10.59309,-1.127615,-12.61491,1.7446,0.001839523,0
-4.243492,-9.69634,-1.953859,-12.87361,-0.39438,-0.0256754,0
3.599314,-10.21175,-0.3809941,-12.96018,-0.4161727,-0.03056183,0
-1.600371,-9.992176,-3.705283,-12.75399,-1.606336,-0.009770287,0
-0.8166901,-9.466012,3.754131,-13.21836,-0.5408278,0.05426446,0
2.91476,-9.865976,1.393042,-12.9521,-0.6580809,0.09460538,0
-3.4954,-9.934025,6.497335,-13.33334,0.578865,0.04078901,0
2.168468,-9.550664,0.195716,-12.77675,0.1072732,0.0638838,0
-2.776479,-9.893235,1.794863,-13.02931,1.47943,-0.01011421,0
0.8691667,-10.27212,-3.129022,-12.69303,0.895175,-0.03247397,0
1.515707,-9.969342,1.612949,-12.70685,0.7939763,-0.02529666,0
-1.074602,-10.17373,1.053028,-12.85354,-1.211951,-0.007718614,0
0.3735541,-9.425648,-0.2426187,-12.90066,-0.2194861,0.04900525,0
-0.2880726,-9.998335,-1.823246,-12.93029,-0.631047,0.03042922,0
1.556968,-10.01897,-2.111886,-12.7465,0.3789274,-0.005074897,0
5.906725,-10.94713,2.211921,-13.09554,0.6906346,-0.04888162,0
-1.470517,-9.931861,3.691538,-13.15574,0.6078707,-0.06189672,0
4.933024,-10.41142,-1.69734,-12.81401,-0.6315871,0.02119496,0
0.03006715,-9.991117,-3.209335,-12.8913,0.7501841,-0.005764573,0
-1.090802,-9.556973,-2.053361,-13.03299,0.2205739,0.006195378,0
-1.681305,-9.973348,1.618678,-13.01285,0.6501153,0.007334007,0
-3.858782,-9.710383,0.2270536,-13.05226,0.9142884,-0.03379205,0
-2.796695,-10.00839,-1.877597,-12.88115,-0.6197234,0.008212927,0
2.350979,-9.744838,-3.392512,-12.66928,-0.8855038,-0.04549877,0
-1.546393,-9.94885,-2.469493,-12.71936,-2.760531,0.02150826,0
4.631198,-10.5465,2.820298,-13.11246,-0.5475342,-0.0437094,0
6.439856,-10.53925,-4.071628,-13.01462,-1.344375,-0.02513114,0
-0.04989532,-10.09053,-1.816588,-12.793,0.213828,0.01259151,0
-0.2813164,-9.605126,-2.85543,-12.65559,0.9276988,-0.01355751,0
-0.3147593,-9.550465,-1.018299,-13.03092,0.655609,-0.04786491,0
-1.566524,-9.926182,-1.019223,-12.85275,0.6196811,-0.08131421,0
1.271649,-9.726788,-7.293797,-12.39339,0.1379986,-0.03163651,0
0.1536194,-9.569558,-0.06778977,-12.86742,-1.530005,0.02864391,0
0.03981807,-10.0914,2.431678,-13.02899,0.07390546,0.0265461,0
2.042166,-10.37664,-3.722785,-12.42086,-0.1085042,0.02152908,0
1.1066,-10.22386,0.3090913,-12.8203,0.5113855,-0.007418599,0
0.1785618,-10.012,8.08869,-13.35388,0.8918259,-0.005741883,0
0.1495578,-9.80262,5.949244,-12.93197,0.7794567,-0.07276953,0
1.486689,-10.24257,0.3703915,-12.90781,0.6004629,-0.03855693,0
-1.841988,-9.844455,8.033453,-13.37943,1.042621,-0.05754248,0
3.020034,-10.34582,2.157655,-13.28492,0.2513128,-0.01692716,0
1.315537,-10.2163,1.023619,-12.79713,1.548312,-0.03240708,0
-2.634844,-9.72611,-0.01932548,-12.92274,2.350082,-0.1125519,0
4.096427,-10.39389,2.495162,-13.10334,-0.9195926,0.05477423,0
1.245161,-10.30165,3.629892,-12.47362,0.4227254,0.03896484,0
-1.304445,-9.357797,-5.322605,-12.42536,-1.042137,0.07842904,0
-1.855633,-10.75029,4.65109,-13.13381,-0.9753894,0.1063285,0
6.51407,-10.62912,-9.500479,-11.99801,-1.27267,0.1819348,0
1.481146,-9.668212,-8.654376,-12.28323,0.2151593,0.1575797,0
-7.020314,-9.57935,3.184124,-13.08171,-0.4436148,0.1587138,0
2.080855,-10.40498,-2.552036,-12.24937,-0.3446872,0.1946426,0
7.000749,-10.37464,-5.154118,-12.10669,-1.326025,0.2585714,0
-8.34098,-9.555552,10.7091,-13.49087,-1.596951,0.3276426,0
11.40428,-11.00551,0.1662598,-12.13156,0.7467138,0.318471,0
1.070515,-10.4128,-3.958523,-11.88811,-2.947924,0.448954,0
-5.119272,-9.946053,1.294273,-11.80366,-1.759342,0.4346982,0
4.335733,-11.10534,-7.189583,-10.99729,0.153821,0.443356,0
-6.624192,-9.199272,2.708867,-12.16609,-2.37246,0.5235311,0
-7.514948,-9.416501,15.51825,-12.42536,-0.4595007,0.3899543,0
9.552688,-10.41002,-3.021031,-11.04223,0.806953,0.4308153,0
-2.992121,-9.743252,-4.418398,-11.74529,-1.61964,0.547819,0
0.1616658,-10.917,-5.737589,-10.87063,-0.0303211,0.4826786,0
6.439812,-10.36886,-9.587368,-10.59277,-0.581213,0.58108,0
-5.079195,-10.18511,11.47159,-11.71543,-1.136963,0.5730186,0
9.298828,-10.59456,-4.482172,-10.32737,0.04372507,0.6260413,0
7.361825,-11.26584,-12.58777,-10.24589,0.2632545,0.6111081,0
-7.841375,-9.393003,1.316143,-10.83833,-1.233658,0.719174,0
11.51125,-10.94105,-2.997913,-10.5785,0.5173564,0.6980729,0
-9.32611,-10.01469,5.392898,-10.71088,-3.182001,0.8387626,0
-2.435529,-9.853494,-1.694076,-10.83875,-0.3357026,0.8195923,0
-3.275414,-10.23951,-2.686044,-9.888145,-1.669749,0.8711089,0
3.212237,-11.40044,0.4403094,-9.819618,0.2992885,0.956785,0
8.81272,-10.9471,-7.737586,-9.585626,-0.9452144,1.000781,0
-9.43174,-9.440581,0.6122506,-9.996706,-0.6859733,1.039773,0
7.490559,-10.38449,-6.271654,-9.293975,-0.03414492,1.071958,0
-4.940164,-10.3678,7.134764,-10.0775,-2.47998,1.05197,0
1.015504,-10.59525,-0.5265573,-9.663526,-0.9637463,1.110947,0
-2.511646,-10.53073,-3.808122,-8.448416,-2.156774,1.187359,0
1.82009,-10.96063,-3.199507,-7.791536,-2.561941,1.362881,0
5.709845,-10.7959,-3.495743,-7.807132,-1.137532,1.363592,0
-8.041301,-9.806421,-3.389997,-7.347426,-2.620414,1.557675,0
4.785517,-9.730955,-9.551668,-5.97403,-3.475124,1.739167,0
-3.528,-9.768028,1.299445,-6.104726,-2.240318,1.900392,0
4.701126,-9.715262,-7.453362,-5.783693,-2.405199,2.08675,0
-2.014915,-9.249691,-0.2489602,-6.057887,-3.598679,2.21427,0
-3.474007,-9.011086,-1.972302,-5.774065,-1.410321,2.288404,0
1.915338,-9.226652,5.794728,-6.340258,-0.9643551,2.370575,0
6.047163,-8.919208,-10.60718,-4.717584,-1.758255,2.524493,0
-8.815924,-8.608266,1.194489,-5.304805,-2.68157,2.620085,0
12.61331,-9.600318,-3.788372,-5.426334,-0.3147416,2.662951,0
4.147959,-9.088335,-2.085986,-5.184482,-0.8641247,2.725991,0
-6.056961,-8.714045,-8.689055,-4.409634,1.120033,2.530727,0
1.097728,-9.448779,-6.451201,-4.803021,1.523501,2.5037,0
2.215959,-8.635455,-0.7665139,-4.067332,0.2726586,2.456272,0
1.031024,-8.965075,-9.922231,-3.279915,0.454125,2.4701,0
-1.517519,-8.787275,1.168473,-3.663433,0.4126723,2.414628,0
9.642274,-9.701499,-3.686126,-2.818876,1.512171,2.413513,0
-8.867988,-7.863908,-0.05143118,-2.969836,-0.3001656,2.400724,0
8.018405,-9.763124,-3.23069,-2.492166,0.2082749,2.377717,0
-4.546745,-8.780953,-3.158874,-2.215797,-0.01193775,2.346556,0
-0.1937393,-9.190935,-12.31629,-1.295553,-0.6468757,2.379596,0
-4.626923,-8.500669,4.773664,-2.07211,-2.364285,2.516049,0
2.811035,-8.035843,-11.85611,-0.2965295,-1.424032,2.544621,0
-9.428898,-7.374346,3.408411,-1.187676,-4.168458,2.706126,0
1.018944,-8.370948,-3.0676,-0.015879,-2.633225,2.753945,0
-4.604766,-6.746811,-0.7838192,0.1925268,-1.591633,2.89015,0
-0.6506237,-7.802062,-2.626261,0.8538763,-0.5562619,2.92585,0
-2.316809,-7.163892,6.113455,-0.3423093,-1.078808,2.959559,0
2.999246,-7.503104,-1.677043,1.084335,-1.343598,2.97887,0
-3.122367,-6.588635,-0.909942,0.3068696,-1.340586,3.064309,0
6.869406,-7.467224,-6.352593,1.209499,1.089166,3.007967,0
4.777995,-7.893334,3.274292,0.5288408,1.276595,2.979564,0
-3.317043,-7.191883,-8.502522,1.617596,1.852685,2.920038,0
1.020839,-7.231598,9.12244,0.1665716,-0.4645017,2.935579,0
2.596454,-7.378361,1.598264,0.3582164,-0.3678942,2.939367,0
-1.372187,-7.348575,0.7600951,0.6924759,-0.9973097,2.926084,0
9.386321,-8.172153,-0.02040767,1.159262,-1.52222,2.998842,0
-1.604433,-7.240077,3.725604,0.432182,-0.2138973,2.98136,0
-6.413228,-7.545603,1.876359,0.1572881,1.216935,2.923915,0
0.6734207,-7.878471,2.863991,0.1469765,2.718424,2.764581,0
5.038451,-8.64045,-12.42438,1.619554,2.980374,2.653333,0
1.995802,-8.836308,-4.239354,1.91338,0.1695794,2.635126,0
-5.829514,-7.126669,3.873771,0.8164362,-0.5750167,2.592385,0
0.6993576,-7.396636,-1.101573,1.680145,-0.5784855,2.583236,0
0.7133477,-8.227166,-4.266399,2.145169,0.1333883,2.52447,0
10.44376,-8.573118,2.912097,2.048545,-0.5196288,2.553431,0
-6.257095,-7.617053,-6.32013,2.514272,-0.9301056,2.665755,0
2.223348,-7.846167,9.101708,1.595592,-1.666618,2.723464,0
-0.2587639,-7.103061,-1.289624,2.051753,-2.040091,2.828611,0
-2.173168,-7.183935,0.05676459,2.83855,-1.47248,2.880595,0
3.517543,-7.17336,-5.934642,3.65454,0.3683109,2.901514,0
-4.226807,-6.881362,-1.175155,3.577363,1.132275,2.89275,0
-1.889796,-6.456917,-6.896546,4.223939,0.5355145,2.827112,0
-1.021121,-6.314563,5.884846,3.532277,1.17525,2.798615,0
1.281229,-6.650035,-10.33318,4.349201,1.703115,2.644187,0
-7.71659,-6.160495,2.754712,4.100878,-0.3795019,2.655527,0
5.224704,-7.016014,-5.090787,4.779743,1.923283,2.547107,0
-6.457514,-6.314199,0.5449874,4.945856,1.868603,2.500945,0
9.973213,-6.820478,-5.371839,5.776293,3.090891,2.35013,0
-5.20687,-5.572751,-1.385215,6.087976,0.2344815,2.37553,0
-4.786859,-5.762212,-11.67196,7.474238,2.01208,2.253447,0
-1.048525,-5.425413,1.928538,6.873728,1.00056,2.111408,0
1.683701,-6.104609,-6.721026,8.333225,1.574305,2.018757,0
-1.976231,-5.059948,6.596871,7.447436,1.674885,1.956731,0
6.660885,-6.23977,-12.04351,8.947455,1.853893,1.896627,0
-6.531267,-6.019819,3.468876,8.539426,0.9377858,1.831152,0
6.04024,-6.200838,2.326138,8.901715,2.052048,1.665516,0
0.4400737,-6.408785,-1.549618,9.079693,2.224381,1.512892,0
5.087593,-6.789954,-3.081032,9.42525,4.360311,1.182417,0
10.03515,-7.860502,-4.292518,9.948652,6.697773,0.9064581,0
-9.96806,-6.370191,-7.580372,11.06347,4.256375,0.7257183,0
1.943977,-7.084884,-5.364889,11.76716,3.835435,0.4742593,0
-5.310328,-5.507692,-12.09216,13.21745,3.537792,0.2599433,0
1.084561,-5.704915,-6.840812,13.81662,5.538321,-0.05235678,0
-8.887361,-3.79628,-7.552723,15.06816,2.943834,-0.2362123,0
2.662628,-4.799992,-10.51825,16.31357,3.213395,-0.4011303,0
-6.129576,-3.33466,-6.348072,16.54029,-1.05487,-0.2977118,0
2.340107,-4.078641,-9.152963,18.07236,1.613255,-0.4730761,0
-2.286423,-3.187115,0.9734035,18.28582,-1.887696,-0.3552148,0
-5.581091,-4.254423,0.2403029,19.68261,-1.076855,-0.4237222,0
8.191707,-3.74658,-15.55884,20.42548,-2.41639,-0.2367351,0
2.780034,-4.892836,3.621583,20.4093,-2.332732,-0.132296,0
5.046871,-4.782895,-14.07637,22.39863,-2.274819,-0.03821693,0
-2.885525,-4.160879,1.503755,21.35846,0.3469473,-0.06027311,0
-5.469344,-4.741738,-4.085248,23.01834,1.43868,-0.1645371,0
-7.019228,-3.557696,-1.686748,22.44202,0.9461307,-0.1734881,0
-6.993359,-2.345028,-0.949869,22.72024,3.526075,-0.4730709,0
1.569597,-2.340442,0.8920446,21.95451,3.85193,-0.6354823,0
0.3002487,-2.880586,15.30193,20.27947,3.823557,-0.8828857,0
2.177661,-3.044749,1.001004,20.31702,1.805961,-0.9531659,0
6.753927,-3.644814,4.741757,19.65544,-1.261541,-0.8931102,0
4.529406,-4.115032,4.305867,18.84401,-2.124791,-0.8746804,0
5.607842,-5.150794,8.418372,17.33373,-2.768399,-0.8071849,0
-0.9331594,-5.081782,1.931598,17.40853,-3.139957,-0.6233528,0
-0.4624301,-5.038865,2.670614,16.99912,-2.517521,-0.5175723,0
-4.520159,-4.36518,9.21104,15.69753,-4.420826,-0.3112572,0
8.374826,-6.343308,10.86724,14.59381,-3.509652,-0.1165374,0
2.080087,-6.088589,11.43746,13.30806,-4.348772,0.0606832,0
0.763935,-5.081479,13.43874,11.60919,-6.587274,0.5666812,0
5.403167,-5.945012,5.058207,10.23765,-9.474859,1.050604,0
6.56051,-7.145127,-6.511998,10.93715,-11.00507,1.678398,0
-0.209867,-7.692449,-2.849979,11.01219,-9.544458,1.996904,0
-7.781898,-6.504418,-9.942175,11.99667,-11.34583,2.868224,0
-9.149364,-4.670392,-3.649369,12.82743,-11.77915,3.591842,0
-13.5999,-3.647747,3.930721,12.64858,-10.25182,4.019236,0
-14.0332,-2.338494,5.943184,11.44526,-11.08011,4.691601,0
-6.296808,-0.9308606,6.302678,10.35802,-12.62562,5.547987,0
-16.21774,0.7515359,24.14323,7.738697,-12.95246,6.239404,0
-3.659122,1.057903,11.70957,6.71986,-9.825276,6.680581,0
-10.75614,2.72569,7.892566,5.166512,-10.08066,7.301968,0
5.429305,2.296584,10.18537,3.556529,-9.428626,7.909299,0
3.948709,1.759193,6.215755,3.195261,-6.73188,8.187854,0
3.353783,1.698439,-1.568029,3.625205,-5.469316,8.527961,0
5.315118,1.047046,-3.719426,3.363558,-6.509154,8.854869,0
-1.19827,1.241306,-1.400133,4.084374,-4.619448,9.219958,0
1.978321,0.1573351,-10.10757,4.71806,-3.266376,9.324838,0
6.651505,0.3028243,-0.2677561,3.958516,-4.575376,9.557844,0
4.49609,-0.7222028,-0.2796858,4.700738,-2.640416,9.659644,0
-0.5504205,-0.9882295,-1.496272,4.604541,-1.728106,9.786791,0
3.365282,-1.699023,5.192809,4.065832,-0.5769733,9.840358,0
1.958774,-1.202691,-1.247472,4.922675,-1.424331,9.912487,0
0.8545043,-0.6637709,5.484989,3.566206,0.226158,9.853106,0
4.203817,-1.69695,-1.513772,4.163177,1.243737,9.844734,0
-2.215802,-0.7146839,1.560271,3.562039,0.8769468,9.819498,0
4.902744,-2.538219,6.158071,2.386932,3.197906,9.612754,0
4.271236,-2.726403,-7.061974,3.547032,2.545484,9.537301,0
12.09464,-3.070518,16.99369,1.669919,2.793019,9.410882,0
16.00684,-6.065202,8.354314,1.093035,0.6284221,9.302925,0
4.956042,-5.925389,-2.830359,0.7961426,-1.94336,9.385614,0
20.35256,-8.994023,6.252489,0.1846332,-0.3519422,9.454559,0
7.140673,-9.931974,5.280257,-0.4160373,-0.9471065,9.533158,0
-2.284341,-10.39298,1.433172,-0.1232858,2.238604,9.413209,0
-1.482342,-9.652094,-0.1685224,-0.7826649,1.950145,9.229564,0
-4.173491,-9.466921,-7.619723,0.4951771,3.251535,9.081972,0
-9.625787,-8.185671,-2.938658,0.737124,3.701016,8.897771,0
-9.240664,-6.820768,-11.14878,2.43329,3.873791,8.718506,0
-17.30108,-5.27714,-5.782176,3.216954,3.84903,8.48665,0
-14.682,-3.031548,-3.239242,3.825672,5.391836,8.189397,0
-8.468925,-1.992957,-2.818405,4.386552,5.91342,7.862581,0
-4.444774,-0.7941353,-2.11606,5.173551,5.466274,7.554432,0
-3.837838,-0.3593465,-3.881482,5.30429,3.777358,7.342136,0
1.232928,0.1151684,-4.023512,6.322446,3.771137,7.093541,0
1.212644,-0.2819476,8.432935,5.094594,4.446746,6.762148,0
3.90308,-0.8838485,-0.5235438,6.049937,5.944428,6.441169,0
0.2909096,-0.8716388,10.23082,4.339927,6.147308,6.11647,0
6.236646,-1.938872,-1.659441,4.996617,3.83895,5.890218,0
-2.128492,-1.776259,7.803029,4.015406,3.082331,5.694593,0
6.193895,-2.215346,2.203763,3.19014,2.994407,5.445138,0
4.882651,-3.030699,4.980458,2.59324,4.320023,5.103047,0
-2.255821,-2.127317,0.3617707,2.241861,3.554627,4.920094,0
7.24373,-3.58547,3.535111,1.79856,5.143239,4.728398,0
-0.4307428,-4.152986,0.5951833,2.072971,3.593731,4.441444,0
6.249755,-4.315629,-2.754081,2.67066,4.368345,4.193806,0
-0.2182026,-4.62486,-3.274584,3.065177,3.842584,4.038704,0
-0.5875345,-4.579701,-5.312748,3.582443,4.168985,3.76062,0
9.066447,-7.387955,-1.482408,3.743007,5.229387,3.458906,0
-0.7205279,-6.572243,-4.491299,4.431662,2.285415,3.351047,0
6.310617,-7.395944,1.976057,4.408191,4.664876,3.042459,0
1.244873,-7.604204,0.07603907,4.619599,3.651083,2.849681,0
-5.141367,-6.250482,0.859071,4.321637,3.674051,2.708175,0
-2.802605,-6.590919,0.6112015,4.418031,3.898627,2.476091,0
-9.010757,-5.724042,0.09034564,4.159999,2.222901,2.319886,0
-4.434311,-5.676589,-0.9017091,4.134144,3.385802,1.953476,0
2.359285,-6.454712,0.4863965,4.312882,4.95628,1.639964,0
-0.4203125,-5.950028,-2.23227,4.404154,4.269304,1.5085,0
1.543888,-5.510935,0.8514469,3.643297,6.000819,1.263925,0
-5.610832,-5.453116,8.616301,3.617935,4.355128,1.016902,0
4.278533,-5.939267,-4.476204,4.459294,4.259687,0.8626124,0
-1.337634,-5.093506,3.662225,3.635821,4.208117,0.7572023,0
3.235799,-5.879019,-1.743032,4.730595,1.452329,0.5939137,0
0.03453389,-5.2801,-7.205523,4.895597,2.944592,0.3488336,0
-1.801229,-5.146179,1.035984,4.533304,2.309446,0.2309657,0
-3.373217,-4.925248,-5.20355,4.608341,2.029242,0.03614763,0
-2.878976,-5.07182,6.599438,3.787653,3.771937,-0.1848441,0
-3.131765,-4.538914,-2.952892,4.716489,2.673254,-0.3464397,0
-3.441954,-4.231757,5.455294,3.574477,4.202507,-0.6314056,0
3.522586,-4.580029,3.909406,3.87768,3.959063,-0.8181152,0
-4.191098,-4.45714,0.9998606,3.428046,2.050459,-0.9593039,0
5.997943,-4.317329,0.8279283,2.964542,3.478717,-1.164099,0
-3.368744,-3.701433,2.438493,2.723913,1.689244,-1.203101,0
-3.119419,-3.779945,6.605394,1.67829,1.691746,-1.446491,0
-0.6757058,-4.220838,2.576886,1.460079,1.716274,-1.571211,0
-9.962326,-2.455092,0.4284636,1.057325,1.366746,-1.624825,0
5.570899,-4.311192,1.576613,0.5463164,1.134752,-1.772379,0
5.465688,-3.739525,3.811365,-0.2473428,1.54138,-1.803176,0
1.654796,-3.417725,-0.1368983,-0.003775869,2.23396,-1.967653,0
1.948033,-4.716813,0.1123784,-0.1571115,3.263595,-2.174412,0
-3.15019,-3.973209,5.353198,-0.8261672,0.7429011,-2.166046,0
1.508569,-4.677378,-3.136489,0.006043645,2.616574,-2.246387,0
-3.125158,-3.467147,3.719915,-0.4403725,2.981464,-2.450867,0
1.125231,-4.230142,-1.009767,0.06714382,1.695852,-2.482386,0
-3.904919,-3.984816,-7.040864,0.6612524,1.52857,-2.634306,0
4.447302,-4.622649,-0.847437,0.5397837,2.70774,-2.764796,0
-0.3919912,-4.308104,-8.840916,2.03108,0.2505859,-2.725173,0
-0.9819938,-4.455171,1.187223,1.340147,1.662353,-2.915728,0
-0.4056695,-5.099114,-6.135581,2.112146,1.104484,-3.052127,0
-4.014,-4.302408,-1.182967,2.067659,1.100459,-3.098712,0
9.819513,-5.386079,-2.231979,1.967248,2.583173,-3.290002,0
4.177923,-5.274687,3.026165,1.319851,1.231259,-3.333007,0
5.755547,-5.984974,-0.6398412,1.059227,1.984742,-3.42928,0
2.013063,-6.561793,-0.1707808,1.425079,3.737448,-3.680477,0
-0.6205927,-6.048673,5.269456,0.6219039,2.563488,-3.77972,0
2.487954,-6.892608,-0.8365064,1.011052,1.953442,-3.858408,0
2.034625,-6.581254,5.072659,0.7463683,3.378507,-3.960148,0
3.368062,-7.639047,-2.168812,1.20921,2.322651,-4.096526,0
-10.33588,-6.158809,-0.4244081,1.13435,0.7411613,-4.053171,0
7.536917,-6.747615,1.3527,0.54809,2.79104,-4.23905,0
-5.382294,-7.015932,-0.6544738,0.7543251,-0.9938274,-4.181158,0
-6.019405,-5.780812,1.204996,0.6303096,-1.168991,-4.114125,0
-2.419852,-5.110957,2.306934,0.1036193,1.699691,-4.221327,0
-5.795753,-5.592087,2.944622,0.1988238,0.2501603,-4.268121,0
0.2685399,-5.684422,-4.829895,0.6789623,-0.9721165,-4.201239,0
-3.58289,-5.282799,4.328347,-0.01077875,-1.05554,-4.212993,0
-1.803883,-5.20299,-2.867767,0.2951108,-0.2943918,-4.277279,0
-5.882909,-5.664861,1.64559,-0.05819376,-0.466298,-4.211337,0
4.65538,-5.05993,4.678766,-0.885815,1.194424,-4.303197,0
-7.609642,-4.572993,0.8945005,-0.6263536,-1.642838,-4.138538,0
4.355451,-6.526424,4.754369,-1.01483,0.2247828,-4.264432,0
4.798333,-6.439929,-1.117206,-1.289842,1.100074,-4.16595,0
-1.690908,-6.159867,1.17101,-1.360744,1.388245,-4.238658,0
5.558462,-6.824298,-1.899361,-1.23,-2.022048,-4.07701,0
-0.7035726,-6.414439,1.430922,-2.104966,-0.6866455,-4.075406,0
-1.021005,-6.160028,2.968174,-1.999163,-0.6427715,-4.054467,0
-5.131304,-5.636198,-0.2180508,-1.94518,-1.496578,-3.941049,0
-2.112219,-6.544487,3.787966,-2.081703,-0.7551358,-3.913861,0
-3.702119,-5.110549,-3.42023,-1.347896,-3.012077,-3.742594,0
-13.59618,-4.389031,0.04632142,-1.278421,-4.824646,-3.520791,0
1.432785,-4.062413,2.702887,-1.7592,-0.1448175,-3.651732,0
-14.44062,-2.165603,-1.4358,-1.556833,-1.655618,-3.413715,0
-4.35036,-1.608254,5.424294,-1.930582,-1.373573,-3.310865,0
0.6726348,-2.358636,-0.2959252,-2.049569,-0.582213,-3.304305,0
-6.939204,-1.791059,1.233292,-2.154843,-1.482354,-3.199252,0
2.983283,-2.667099,-3.159671,-1.92654,-0.7506464,-3.15762,0
2.300488,-2.574333,0.4845611,-2.009551,0.4821032,-3.046557,0
3.188104,-2.488266,-3.615372,-1.698647,-1.67989,-2.948891,0
-1.491872,-2.159418,-2.29946,-2.170248,-1.357775,-2.938793,0
-0.5282552,-2.596458,4.978396,-2.297905,0.7777325,-2.867309,0
-3.677275,-2.002131,-6.520228,-1.063374,-3.217359,-2.703647,0
-1.018944,-2.084177,4.16256,-2.187987,-1.486636,-2.73294,0
-0.1335026,-1.081225,-2.248908,-1.372064,-1.537238,-2.643798,0
-9.590617,-0.2748143,-0.2766503,-1.364624,-0.8947945,-2.580151,0
11.06651,-2.086274,3.584844,-1.95974,0.9555756,-2.645433,0
-2.813561,-0.6854972,-3.175228,-1.244825,-1.840644,-2.463169,0
-9.132822,-0.4236581,0.942109,-1.699438,-1.80451,-2.494572,0
5.149865,-1.277842,-1.400713,-1.551757,1.408001,-2.536031,0
-10.40297,0.5239921,-0.2807738,-1.566476,-0.3875358,-2.449557,0
0.01208203,0.05444807,0.2713815,-1.721309,-0.2643588,-2.399234,0
-4.031904,-0.345037,1.064581,-1.502458,-0.3371547,-2.41761,0
-3.384169,0.538408,2.352944,-2.117233,0.7032518,-2.446234,0
6.287966,-0.6393928,-4.554966,-1.364391,1.304217,-2.49609,0
-0.2210083,0.367531,-0.3339222,-1.798123,2.614581,-2.645504,0
3.344782,-0.8977855,-4.887845,-1.580216,0.538027,-2.600934,0
-0.02419008,-1.021322,-0.759519,-1.387843,1.821309,-2.751619,0
6.156429,-1.466201,2.621315,-1.744768,2.988283,-2.947693,0
1.037551,-1.84287,-4.116745,-1.142312,0.3318896,-2.894394,0
9.193568,-2.735996,3.817316,-1.726444,3.304849,-3.065212,0
5.587225,-3.409443,-2.39957,-1.266207,2.63251,-3.15776,0
-9.068073,-1.618484,2.636756,-1.599489,1.88431,-3.203363,0
6.694834,-3.497502,-1.718058,-1.714311,1.5046,-3.336393,0
-2.69711,-3.303004,1.884646,-1.831967,1.991055,-3.443892,0
2.326861,-3.514287,-0.2473082,-2.015129,0.4774555,-3.47766,0
-1.836082,-3.381607,-3.931836,-1.524381,0.9834495,-3.582983,0
8.91414,-3.787087,0.4122706,-2.237015,2.037656,-3.729394,0
-6.300844,-4.244398,-3.947632,-1.281894,-0.02800312,-3.799009,0
-0.7290456,-3.977666,0.513398,-1.506123,1.072225,-3.886404,0
4.128834,-4.397605,-2.641225,-1.193569,2.410304,-4.019158,0
-1.241774,-5.21188,1.9554,-1.131463,0.3228248,-4.161935,0
8.150747,-6.502184,-2.325675,-0.8121333,0.7158735,-4.194463,0
-3.075161,-5.534478,-0.7418301,-0.4456206,3.849501,-4.417344,0
5.749965,-6.751073,-5.393538,0.1342454,1.162145,-4.389765,0
-7.086518,-6.227079,-1.781452,-0.05580096,1.612226,-4.625167,0
2.773617,-6.474577,3.868035,-0.5285024,2.754894,-4.782465,0
-7.931522,-5.523982,-0.6986357,-0.5147449,1.749828,-4.766467,0
1.805261,-6.604665,-0.6405864,-0.1309062,0.6854306,-4.888826,0
-0.712117,-6.337455,-3.822937,-0.1477582,1.101261,-5.092215,0
-5.152814,-4.916737,-1.094914,-0.2648378,3.767153,-5.334348,0
-12.70559,-4.375608,-10.79091,0.4314971,4.077636,-5.556132,0
-8.470408,-4.447611,-8.629185,1.409269,5.796514,-5.996082,3
-7.613701,-1.740897,-26.57462,5.326311,7.732064,-6.433343,3
-22.52012,1.518949,-26.49041,7.621156,10.08345,-6.873176,3
-25.59026,3.924719,-38.68655,12.11695,12.84444,-7.528673,3
-26.59404,9.062696,-36.15179,18.235,13.80066,-8.363817,3
-28.21087,11.12802,-43.82503,24.66827,16.44672,-9.332466,3
-23.26893,14.07551,-56.53888,29.96779,17.90995,-10.0099,3
-28.8884,18.05992,-47.15431,35.82959,20.64015,-11.05443,3
-28.42438,23.88432,-50.24764,44.4388,21.88532,-12.58161,3
-32.55267,27.42416,-54.58167,49.62321,22.31908,-13.46017,3
-31.66455,31.58052,-51.01451,56.01812,25.65774,-14.88656,3
-32.99084,36.75143,-47.45115,62.50577,25.0553,-16.11989,3
-38.10669,42.70749,-44.52808,69.33772,29.18838,-18.13788,3
-25.56214,45.34867,-37.83962,72.92995,28.47621,-19.27312,3
-27.98809,49.711,-40.20802,78.01649,31.00588,-21.03219,3
-19.03094,53.49714,-30.07781,81.48904,35.2441,-22.86097,3
-21.48367,49.04099,-29.87078,86.71919,32.64416,-24.18156,3
-7.735895,34.19951,-23.28157,91.49438,36.26382,-25.35712,3
-10.77906,25.31926,-16.53146,95.56139,35.99227,-26.49735,3
-10.90594,14.22366,-13.15473,99.34214,35.75555,-27.87166,3
-18.0889,16.00964,-14.8198,101.0455,37.7744,-29.87383,3
-27.29493,21.75698,-8.473952,101.7439,37.02333,-31.86138,3
-27.73507,24.92073,-6.853215,101.8247,37.14258,-33.91863,3
-20.38072,34.15277,4.31727,100.1897,40.69654,-36.27689,3
-21.77505,84.08493,9.634889,89.91863,38.57779,-40.87464,3
-29.65738,88.73505,0.8557359,89.64536,40.55421,-42.86914,3
-24.18322,92.28159,-3.439894,88.65552,42.22408,-45.0407,3
-9.074419,94.04041,-1.803175,87.50229,42.9218,-47.2986,3
15.35417,94.24506,-8.409458,87.14747,45.54232,-49.97804,3
28.93945,92.68734,-0.0219531,85.44985,47.49802,-52.70083,3
39.20518,89.12427,-8.50913,85.73766,46.02782,-55.53953,3
53.63147,84.0173,-2.956962,83.9076,45.2176,-58.4536,3
50.51991,79.40271,-6.518134,83.61684,44.67954,-61.36044,3
54.64624,73.49931,-5.096392,82.86799,45.09369,-64.24099,3
55.47162,67.52229,-5.556145,81.99405,45.70707,-67.22929,3
49.05427,62.17795,-7.501174,81.74883,43.05,-70.00666,3
42.94953,57.35865,-10.08883,81.52684,40.49535,-72.6391,3
32.94809,53.94045,-12.49389,81.98817,42.23522,-75.22934,3
23.39624,51.71256,-12.39093,82.64306,40.50007,-77.6925,3
10.69152,50.50895,-13.15703,83.60004,42.08148,-80.18388,3
7.713363,49.64861,-15.30768,84.67837,41.2123,-82.59306,3
5.24474,49.68262,-14.17419,85.45411,42.57159,-85.04772,3
1.983662,50.64273,-10.51266,86.39625,44.02064,-87.44588,3
-6.978088,52.28869,-13.1139,87.64188,42.36122,-89.75803,3
-2.092558,52.82524,-8.632626,87.63928,45.36689,-91.73943,3
6.115824,53.80052,-5.645849,88.46329,45.25434,-94.8166,3
4.935511,54.30033,-5.100025,88.04929,42.82502,-97.28965,3
6.316706,54.76621,-3.118839,88.03609,42.58936,-99.7854,3
10.52783,54.58395,-3.264491,87.76511,47.71935,-101.9411,3
11.79084,53.71839,-4.91043,87.47101,46.3061,-105.1731,3
12.58989,53.27156,-1.462828,86.8998,44.48143,-107.7349,3
17.69531,51.86076,-9.022774,87.17258,45.44455,-109.8163,3
17.90633,51.13986,-1.059128,86.17466,45.47935,-112.3741,3
16.01031,50.08508,-3.410642,85.71504,46.68659,-115.667,3
14.59233,49.35859,-3.670143,85.22115,46.08508,-118.2852,3
13.42484,48.56804,-9.273093,85.61806,42.13737,-120.0304,3
15.54994,47.26879,-11.34849,85.43266,40.92256,-123.2493,3
14.4428,46.53077,-8.841923,85.50171,43.62515,-125.7564,3
17.41617,45.15244,-6.858257,85.42872,42.50112,-127.6278,3
11.37472,44.71724,-3.115075,85.1859,42.4996,-130.2014,3
10.00327,43.97147,-6.990923,85.65475,40.36794,-133.2117,3
7.181242,43.60872,-5.97305,85.54728,39.90145,-135.5857,3
8.75729,43.82443,-5.683208,85.77001,43.14318,-137.4742,3
4.963449,43.76279,-6.377969,85.71543,41.11825,-139.8312,3
6.889267,44.47547,-2.551208,86.00405,41.60661,-142.6203,3
7.028482,44.22616,-5.453503,86.03972,42.26366,-144.5151,3
6.218062,44.85111,1.904,85.87422,43.04605,-146.7711,3
8.347014,44.60017,-2.207349,85.50813,42.78539,-149.1484,3
8.977428,43.782,-3.345616,84.63176,41.22628,-152.136,3
17.75669,42.56994,-1.862375,84.43124,40.65971,-153.8659,3
17.98903,41.64376,-8.473007,84.35006,41.71137,-156.2089,3
11.98267,40.72212,-5.462739,84.09229,37.84389,-158.4025,3
14.7338,39.37541,-9.376981,84.16115,34.94947,-160.5554,3
13.20878,38.24242,-6.523053,84.23909,34.33597,-162.6299,3
10.65894,37.38786,-8.14145,84.55796,34.31573,-164.6597,3
8.527137,36.61462,-8.850657,84.54839,32.15835,-166.6519,3
7.277422,36.26618,-10.97584,85.22752,33.44826,-168.5734,3
8.110421,35.68906,-12.62831,85.51536,32.25024,-170.441,3
3.928945,35.58901,-7.362681,86.34609,32.28012,-172.3132,3
1.085562,36.03797,-8.866076,87.04864,30.51095,-174.0326,3
82.72517,34.70181,169.0328,75.42481,44.60669,-176.5688,3
-63.75379,33.39971,-41.81966,64.86879,-0.5760765,-176.3719,3
-56.74669,27.3745,25.6742,32.88312,80.75902,-180.227,3
-300.2539,55.26603,-172.4926,56.58841,38.29093,-182.2484,3
-294.34,86.11218,-188.0972,92.22121,-66.6114,-177.8073,3
-24.80788,93.50943,-111.8641,110.6776,-21.27002,-176.054,3
-25.59023,94.26783,-73.09375,120.8511,-23.31716,-174.623,3
-68.65488,99.29709,-84.48758,133.8846,-20.54414,-173.2137,3
-39.87217,102.4602,-53.85437,142.8736,-15.75182,-172.0529,3
-35.09883,104.7497,-47.52945,151.2135,-13.58346,-171.1309,3
-41.86309,108.7067,-37.04263,156.4732,2.378396,-170.7156,3
-32.36594,112.7819,-3.883791,157.614,-1.294571,-170.2354,3
-26.04759,116.75,24.35402,155.9818,8.58131,-170.1294,3
-13.11872,119.8708,49.44378,151.5775,10.96863,-170.259,3
6.75,121.4707,46.19886,145.8132,15.33274,-170.781,3
23.1469,121.4146,57.48912,136.8761,16.23354,-171.5471,3
43.20191,119.0409,67.52737,126.7173,16.67441,-172.5692,3
59.40593,114.4105,69.63776,116.2698,15.7928,-173.7487,3
71.02993,108.2064,56.88512,106.6024,13.25004,-174.9502,3
81.77132,100.226,46.96571,97.91747,13.38451,-176.332,3
77.14964,94.18369,34.55967,92.52858,10.69771,-177.3097,3
78.71626,82.50997,19.34526,85.51159,11.69825,-178.953,3
79.0821,73.33428,0.5174589,82.33578,8.256721,-180.1631,3
70.89552,64.55542,-4.340053,80.23727,8.785719,-181.3468,3
62.4658,56.46579,-13.09042,80.19914,10.72779,-182.6112,3
50.88282,49.62605,-23.42902,81.14593,8.827636,-183.6512,3
38.482,44.23066,-24.582,82.55373,7.576595,-184.5746,3
28.29899,41.26543,-24.08881,83.84633,13.11174,-185.5002,3
15.46035,38.08302,-20.81246,86.59158,12.30183,-186.4392,3
7.361788,36.94345,-16.67674,88.34914,15.47292,-187.3405,3
-2.807271,37.30276,-13.25913,89.85492,15.55558,-188.1768,3
-9.580444,38.41277,-5.444786,90.68536,11.83007,-188.5525,3
-11.3952,40.19409,-5.289059,91.32993,12.72468,-189.5444,3
-6.842659,41.35331,-1.797083,91.57196,12.85521,-190.3255,3
-2.908493,42.02338,-1.320109,91.47772,18.1651,-191.1945,3
1.505495,42.32122,1.66019,91.14679,16.66576,-192.0045,3
6.571477,41.99726,6.525721,89.97041,17.34565,-193.3891,3
3.82214,42.17855,0.8117426,89.89846,16.72528,-194.3398,3
10.33929,41.4388,-0.8104306,89.23293,20.29752,-195.3142,3
10.98979,41.17361,0.4819813,88.4415,19.58908,-196.2831,3
13.38945,39.78282,-0.2532643,87.54002,17.14101,-197.8163,3
8.699296,39.20078,-5.592553,87.74451,16.42061,-198.5192,3
12.79174,37.73227,-3.826494,86.93284,15.35949,-199.6917,3
14.48031,36.7538,0.01112403,86.41801,17.39916,-200,3
9.471912,35.56984,-6.003224,86.71554,17.4534,-200,3
7.367512,35.29157,0.5647011,85.98267,17.65812,-200,3
-0.6286833,35.46108,-2.09356,86.05728,16.97685,-200,3
-4.828596,35.43142,0.6240353,85.82416,16.18561,-200,3
-1.865991,36.22516,-0.8091272,85.67238,15.32226,-200,3
6.532467,36.18791,7.143147,85.19439,16.16116,-200,3
-7.389704,36.94843,17.35038,83.49466,17.34854,-200,3
-47.54063,43.56712,-6.713881,83.47156,43.6466,-200,3
-72.34145,51.35716,25.05483,81.94418,56.14692,-200,3
-43.6551,57.87402,5.611968,77.81826,79.44659,-200,3
-139.7048,66.95776,-115.8031,87.88104,37.31498,-200,3
-88.26628,72.04952,-110.0503,105.4198,4.240762,-200,3
-5.936743,72.50204,-67.24607,114.8567,-2.128721,-200,3
-15.65792,71.48241,-62.33495,121.7239,0.5700437,-200,3
-21.82419,72.74451,-27.62466,126.7299,4.470659,-200,3
-4.687671,73.79923,-13.69457,129.0825,27.15241,-200,3
-9.165586,75.91912,7.38305,129.0053,21.03014,-200,3
7.124644,77.21446,30.46535,125.2606,27.45288,-200,3
14.08303,77.98262,36.62334,119.8931,25.66232,-200,3
21.06178,78.20341,52.99734,112.7511,26.93915,-200,3
27.18303,77.35494,43.33427,106.3057,25.70045,-200,3
32.82561,75.69899,44.10318,98.51436,25.15724,-200,3
40.44761,73.12,42.43201,91.229,23.53381,-200,3
44.2193,69.62579,30.48095,85.62924,23.97717,-200,3
44.3527,65.38059,15.61634,81.374,22.04326,-200,3
46.2131,60.77301,7.642002,77.90962,23.43204,-200,3
43.68311,55.52742,-2.85838,75.80556,22.009,-200,3
38.65543,51.10607,-9.756858,75.3135,23.88477,-200,3
31.0581,47.25014,-14.37358,75.71264,24.51285,-200,3
19.0706,44.4718,-17.83274,77.12777,25.10428,-200,3
10.89312,42.54458,-18.58815,78.67471,26.39213,-200,3
5.543052,41.42019,-19.85353,80.54308,26.9602,-200,3
6.872915,40.60529,-16.89834,81.49968,28.8394,-200,3
7.218894,39.64819,-12.05353,82.72155,29.08628,-200,3
6.597665,55.39521,-7.323653,74.14877,31.46427,-44.35266,3
3.641406,70.1204,-11.34299,76.19996,31.63017,-13.83672,3
8.546336,75.68068,-7.810587,77.07798,33.71992,-5.06031,3
17.82758,83.41875,-11.67658,85.00572,36.87374,-7.410558,3
27.63746,88.01566,-6.424616,89.39745,38.54576,-9.909904,3
35.44885,92.7595,-5.816829,96.04089,42.54099,-12.10311,3
46.83137,94.77518,-0.08870845,97.37093,45.78381,-15.7981,3
53.63629,90.81669,1.266194,97.31374,45.89906,-18.64629,3
57.40988,89.72173,6.043115,98.65574,45.4557,-21.78323,3
63.60547,92.42542,6.8871,100.4915,46.05449,-24.48157,3
70.1546,93.51115,16.36654,101.4027,46.44198,-28.83308,3
64.20449,89.71545,12.30194,99.33361,48.89675,-32.09042,3
63.91628,87.46683,14.28474,97.98361,48.19854,-34.50877,3
62.87598,86.54967,22.61841,99.16953,47.17724,-38.13776,3
71.39777,87.5738,25.99398,98.25768,50.56877,-42.84036,3
23.53721,79.40948,48.20923,83.48856,66.74026,-45.52649,3
-31.00718,87.69976,75.56223,76.19937,99.09568,-49.2863,3
-108.4301,94.03994,110.6208,50.7127,143.9659,-54.6724,3
-158.6507,117.0622,-18.14779,28.01481,207.9511,-66.42149,3
-165.6776,99.8704,-93.04002,55.85371,190.4449,-73.19093,3
-207.5019,60.33059,-148.346,74.98658,90.98322,-76.8308,3
-122.2695,43.03883,-147.4249,95.72598,37.36763,-79.34643,3
37.17126,26.46144,-112.7506,107.2487,48.55138,-82.31207,3
28.7716,50.97562,-137.0372,126.672,50.68044,-84.92535,3
18.32485,72.48157,-108.2092,134.4248,50.81097,-89.51891,3
6.376924,93.11694,-100.3626,150.62,60.19843,-95.35809,3
-3.790947,109.0962,-98.97484,161.2466,62.44109,-99.06763,3
-7.364608,119.6194,-91.79978,171.067,68.44159,-103.7188,3
-14.04574,123.7453,-82.44991,177.8536,74.5293,-108.0287,3
-2.203134,123.4364,-60.43035,182.147,80.27199,-113.5049,3
18.72772,113.9879,-36.32683,179.232,85.16445,-116.9069,3
46.17822,98.77021,-10.85018,173.5257,82.49168,-121.4406,3
77.03998,93.30145,10.64201,164.0599,77.95265,-126.8887,3
73.89659,77.25702,34.6265,145.7759,73.28809,-132.0267,3
66.04339,67.54209,62.87386,126.039,68.79087,-136.7966,3
63.91766,59.73931,85.00069,102.6245,62.79193,-141.126,3
60.63354,78.26156,103.663,108.0582,52.97437,-143.6368,3
74.77012,73.3298,136.6775,89.1209,44.23166,-146.1078,3
70.43871,69.33793,142.4551,70.40217,31.35345,-147.8189,3
100.4031,62.445,84.69666,53.74136,24.55499,-149.2435,3
107.7585,50.35332,25.65012,45.5605,15.19639,-150.4191,3
100.8368,38.18225,16.81468,39.7152,21.73283,-151.7028,3
54.0178,31.73613,43.11564,32.95423,25.60237,-153.1093,3
40.88092,28.70491,53.23365,24.90868,11.9041,-153.5942,3
60.85388,22.51455,30.19808,18.88829,2.771425,-153.7385,3
49.02806,17.1035,32.8919,13.01237,-10.37892,-153.0481,3
34.85905,13.43831,29.30741,8.063155,-12.89881,-152.1322,3
25.85153,10.74311,14.06181,5.296044,-12.41579,-151.2112,3
22.04321,8.305127,13.98359,2.590815,-15.01757,-150.1718,3
16.62408,6.526969,13.83009,0.1614323,-14.56588,-149.1194,3
11.93599,5.106336,6.594849,-1.155071,-10.78928,-148.2535,3
8.122801,4.303124,5.863291,-2.188311,-4.31661,-147.8877,3
5.78929,3.785678,5.597543,-3.104329,0.3927878,-147.7919,3
0.2853635,3.736993,0.321314,-3.362328,7.271347,-148.071,3
-2.381878,3.95305,-0.6005308,-3.264456,8.586256,-148.4937,3
-4.722584,4.471525,-1.754723,-2.983625,7.982777,-148.9202,3
-3.978561,4.936468,-4.119351,-2.430444,5.455224,-149.2474,3
-5.314834,5.345629,-4.77562,-1.819881,1.336907,-149.3781,3
-5.795887,5.944549,-5.199504,-1.059377,-1.508959,-149.3286,3
-3.722462,6.323731,-3.360583,-0.4992385,-3.492843,-149.1899,3
-5.396565,6.857042,-3.440704,0.02894138,-4.545084,-148.9794,3
-4.54371,7.200074,-4.718776,0.5723497,-4.85315,-148.8202,3
-3.385026,7.514332,-1.324544,1.139899,-3.973271,-148.5568,3
-2.744058,7.641429,-3.032627,1.706286,-2.228992,-148.4488,3
-1.480819,7.766563,-1.876421,1.972597,-0.5011651,-148.444,3
-1.508992,7.805177,-0.4028166,2.076049,0.3713255,-148.4669,3
1.765049,7.566836,0.5826211,2.046479,1.743628,-148.6183,3
1.712526,7.316485,1.534643,1.8574,1.998951,-148.76,3
2.151224,7.020467,1.520689,1.697009,0.9253262,-148.8316,3
2.369924,6.674042,1.919924,1.448136,-0.02024145,-148.8767,3
1.698718,6.285648,0.8284972,1.271268,-1.168511,-148.8339,3
0.9291866,6.073133,0.2755789,1.199399,-1.820903,-148.7386,3
0.06890891,5.994196,-0.02762063,1.204256,-2.203819,-148.6407,3
-0.9344102,5.93779,-0.1889929,1.287986,-1.296965,-148.5195,3
-0.8206832,5.905671,-0.1622747,1.37989,-0.1912672,-148.4856,3
-0.9158461,5.897273,-0.3872303,1.470312,1.009811,-148.5116,3
-0.3396615,5.850481,0.02222193,1.536821,1.258665,-148.5648,3
-0.1500449,5.793749,-0.366939,1.614529,1.049257,-148.6249,3
0.2396215,5.72858,0.147076,1.623209,0.2968206,-148.6289,3
0.4199777,5.659499,0.1613656,1.622848,-0.1527321,-148.6132,3
0.3387091,5.566867,0.08880361,1.620765,-0.5702051,-148.5698,3
0.1485086,5.488862,0.3642447,1.610254,-0.553763,-148.4713,3
0.04908684,5.421358,-0.2001717,1.660315,-0.375446,-148.4203,3
-0.1605238,5.373208,0.1367999,1.671946,0.2420506,-148.3775,3
-0.007472212,5.308875,-0.378736,1.738133,0.4407322,-148.349,3
-0.537073,5.324645,-0.004445751,1.769023,0.4968885,-148.3315,3
-0.4612102,5.302311,-0.03532872,1.803234,0.3685778,-148.3087,3
-0.02976157,5.225858,-0.3688131,1.878146,-0.1670226,-148.2602,3
-0.2556393,5.24061,0.06887356,1.876593,-0.2737967,-148.206,3
-0.04400221,5.197989,0.2092098,1.898275,-0.1555992,-148.1516,3
0.5142712,5.124639,0.08717001,1.911272,0.2574367,-148.1199,3
0.2310959,5.101942,0.1070327,1.94226,0.3882943,-148.0742,3
0.00993639,5.078989,0.2199677,1.933501,0.4932514,-148.0255,3
-0.3056538,5.035618,0.04637485,1.977827,0.2675665,-147.9597,3
0.1589873,4.988555,-0.08286488,2.002958,-0.1598227,-147.8572,3
0.2525869,4.948566,-0.262636,2.047967,-0.2684606,-147.741,3
0.24497,4.925734,-0.2318262,2.089196,-0.04102825,-147.6281,3
0.2277598,4.907803,-0.03964772,2.108162,0.1739993,-147.5189,3
0.1415258,4.888521,0.1413831,2.116578,0.333603,-147.417,3
-0.1558007,4.84463,0.09942705,2.122385,0.2136635,-147.312,3
0.2174548,4.804942,-0.03152601,2.135455,0.1517127,-147.1956,3
-0.09016364,4.782095,-0.03899952,2.159837,-0.05994713,-147.0553,3
-0.274248,4.758348,0.1069799,2.184304,0.05404987,-146.9148,3
-0.3654126,4.734216,-0.006835071,2.223327,0.07110278,-146.7745,3
0.2087575,4.663918,-0.1864141,2.24622,0.2345483,-146.6394,3
-0.3010747,4.673984,0.01547207,2.259236,0.2297103,-146.5087,3
0.09711,4.600606,0.1085716,2.278467,0.1099295,-146.3766,3
0.3959817,4.574275,0.0551141,2.285342,0.008695166,-146.2446,3
-0.03118345,4.563804,0.1036996,2.293524,-0.007467167,-146.1179,3
-0.03083536,4.525864,0.07293244,2.301371,0.009856133,-145.9954,3
0.3034051,4.474771,-0.107691,2.337835,-0.007586247,-145.8769,3
-0.08918429,4.484636,-0.1966856,2.359177,0.14631,-145.7636,3
-0.4893388,4.470156,0.2917475,2.346502,0.1545367,-145.6496,3
0.2573427,4.389159,-0.0005380017,2.374125,0.1713429,-145.5417,3
0.4569502,4.337126,-0.3050334,2.411995,-0.06351481,-145.4271,3
-0.08770902,4.353876,0.2305433,2.394451,0.102693,-145.3312,3
-0.09768839,4.308154,0.05058207,2.422358,0.09298627,-145.2336,3
-0.2472474,4.311777,-0.01568423,2.442239,0.1084895,-145.1671,3
-0.2427352,4.279087,0.09590024,2.452592,0.09790439,-145.0656,3
0.2069632,4.225321,0.1786247,2.446886,0.08877543,-144.992,3
0.3583973,4.198266,0.1746435,2.463921,0.1250273,-144.9256,3
0.3555926,4.191606,0.009495199,2.484358,-0.005433125,-144.8739,3
0.1197233,4.191324,0.07723635,2.508137,0.009716054,-144.7949,3
-0.01310422,4.151824,0.1263492,2.531062,0.2011987,-144.743,3
0.008221938,4.148515,0.0319116,2.546104,0.1058298,-144.7083,3
-0.1937137,4.125669,0.03877199,2.568106,0.1193959,-144.6559,3
0.1530271,4.041699,-0.2436934,2.581728,-0.02629242,-144.6063,3
0.3396776,4.050473,0.2726983,2.568122,0.009279075,-144.5687,3
0.2615553,4.025416,0.01640788,2.58361,0.1336508,-144.5449,3
-0.2679697,4.050724,0.0471387,2.613946,0.1502442,-144.5129,3
-0.1026155,4.016616,-0.04145574,2.630518,0.2355553,-144.496,3
-0.001566394,4.010129,-0.1101163,2.652332,0.1725848,-144.484,3
0.2552554,3.968459,0.03108316,2.670168,-3.951036e-05,-144.4575,3
-0.088608,3.972265,0.1605585,2.692785,-0.04977616,-144.4175,3
-0.2012654,3.947325,-0.0208792,2.71931,0.1164318,-144.3927,3
-0.1556037,3.942691,-0.024686,2.723686,0.2101517,-144.38,3
0.08644101,3.89966,-0.1187329,2.75184,0.2306996,-144.3647,3
0.006075654,3.900592,0.1616826,2.749211,0.1100223,-144.343,3
-0.05850637,3.8853,0.1318774,2.760014,0.1276915,-144.3286,3
0.1581801,3.854935,-0.04860212,2.777934,0.05779869,-144.3071,3
-0.003532975,3.842318,-0.07681723,2.802598,0.1923867,-144.2928,3
-0.04635813,3.82994,0.1142046,2.803669,0.2136429,-144.2806,3
0.04258499,3.818691,0.103475,2.817546,0.04370531,-144.269,3
-0.02443138,3.809536,-0.07903948,2.850785,-0.04551341,-144.2488,3
-0.04609831,3.800255,0.03261032,2.867259,0.0754976,-144.2332,3
-0.05043519,3.787709,0.1094653,2.874585,0.1516645,-144.2258,3
0.003407743,3.772019,0.02900434,2.89275,0.1876399,-144.2223,3
0.1272048,3.748141,-0.07287906,2.914544,0.1273934,-144.2176,3
0.02572005,3.740093,-0.01541048,2.919631,0.108723,-144.2128,3
0.007826761,3.729825,0.0713394,2.929572,0.06863486,-144.2068,3
0.02864294,3.717276,-0.02041999,2.94647,0.1226289,-144.2033,3
0.04323456,3.699306,-0.00081485,2.957704,0.0667657,-144.1973,3
-0.008375157,3.686287,-0.01439843,2.978602,0.03696632,-144.1908,3
-0.01090618,3.674025,-0.03958381,3.000506,0.09097923,-144.1857,3
0.06554858,3.658849,-0.0638784,3.024641,0.1950949,-144.1864,3
0.05381932,3.647713,0.07795201,3.034943,0.1381242,-144.1861,3
-0.02283932,3.637695,0.0591796,3.045132,0.1201204,-144.1805,3
-0.005400366,3.625395,-0.05781351,3.06507,-0.002932674,-144.1698,3
0.05122914,3.609005,0.005643181,3.074339,0.01783946,-144.1579,3
-0.03327971,3.6007,0.05853278,3.078841,0.1076219,-144.1507,3
-0.007033102,3.589623,-0.02651598,3.094863,0.1666729,-144.1467,3
0.02644003,3.580447,-0.04611657,3.119899,0.1519955,-144.1472,3
0.03418125,3.567137,0.003230707,3.133676,-0.03192968,-144.138,3
0.004003853,3.553672,0.07484984,3.146795,-0.1011177,-144.1219,3
0.04228089,3.537231,0.03842417,3.15789,0.02497711,-144.1099,3
0.052028,3.523335,-0.002765387,3.169014,0.2334401,-144.1074,3
0.04537712,3.509435,0.06271156,3.178839,0.2296642,-144.107,3
0.03518283,3.494314,-0.02462632,3.192351,0.04783069,-144.0978,3
0.03070932,3.482021,-0.02996934,3.206588,-0.06234567,-144.0813,3
-0.02141261,3.474023,-0.009374035,3.220309,0.0166523,-144.0667,3
0.01833059,3.463449,0.02879063,3.225503,0.1477233,-144.0582,3
0.02096272,3.452889,-0.01750959,3.243143,0.1852946,-144.0594,3
0.01553246,3.444372,-0.01089733,3.258815,0.1464499,-144.059,3
0.04988096,3.433702,0.05246522,3.265839,0.03574528,-144.0544,3
0.05153899,3.419744,-0.00803709,3.283197,-0.001919374,-144.0421,3
0.01697241,3.409058,0.01581129,3.294632,0.06391411,-144.036,3
0.04293093,3.394905,-0.001353915,3.302744,0.1178766,-144.0319,3
0.0297309,3.384593,-0.01312524,3.315386,0.1500782,-144.0294,3
0.05348923,3.372373,0.01865336,3.322926,0.09703235,-144.0263,3
0.03991134,3.360576,-0.01385405,3.331222,0.05583712,-144.0207,3
-0.009409971,3.360458,-0.004289567,3.337332,-0.01103543,-144.0143,3
0.01847537,3.347582,0.04471045,3.353849,0.03999919,-144.01,3
-0.02343914,3.341225,-0.04073337,3.373388,0.0961004,-144.0098,3
0.005039206,3.332083,-0.0332668,3.389964,0.1349142,-144.0109,3
-0.01147534,3.326226,0.009903389,3.397636,0.09116104,-144.0119,3
-0.0105056,3.316621,-0.007868468,3.413121,0.08212699,-144.0083,3
-9.874856e-05,3.307784,-0.0004278049,3.423298,0.05461581,-144.0037,3
-0.07065745,3.309037,-0.00618906,3.43156,0.09704981,-144.0027,3
0.02527612,3.302073,-0.03245572,3.443862,0.1538408,-144.0055,3
0.03090903,3.292366,0.05699827,3.448733,0.08718123,-144.0046,3
0.01610048,3.281117,0.01651294,3.450525,0.08593398,-144.0016,3
0.01100183,3.274539,-0.02061938,3.46253,0.0804537,-144.0032,3
0.07893998,3.261812,0.05892077,3.46866,0.09964693,-144.0044,3
0.02306812,3.250182,0.02117334,3.478503,0.08449571,-144.0075,3
0.01658252,3.24421,0.05169511,3.482131,0.1302024,-144.0112,3
0.03678996,3.23627,-0.008463739,3.493718,0.1153947,-144.0129,3
0.02475027,3.224921,0.008695888,3.502986,0.0574259,-144.0141,3
0.01115256,3.217488,0.01459866,3.513123,0.03934409,-144.0102,3
-0.005817937,3.213315,0.00299661,3.518055,0.08831526,-144.0105,3
-0.01974617,3.204976,-0.04612979,3.531394,0.123907,-144.0126,3
0.03098395,3.196462,0.009173455,3.536875,0.1170339,-144.0138,3
0.02460477,3.191279,0.01197189,3.545131,0.06103007,-144.0179,3
-0.01389907,3.189831,0.002816694,3.55936,0.05899085,-144.0239,3
-0.004494455,3.184468,-0.01696295,3.575116,0.04847889,-144.0281,3
0.01002335,3.175601,-0.00534601,3.586782,0.08155254,-144.0347,3
0.03163525,3.168868,0.009971216,3.593126,0.07361385,-144.0376,3
0.04002611,3.16346,0.069583,3.598101,0.1021395,-144.0426,3
-0.002377728,3.155424,0.004543373,3.602598,0.08865112,-144.0477,3
-0.01995211,3.156698,0.001755802,3.610455,0.03743932,-144.0502,3
-0.00305428,3.151426,-0.04184687,3.622396,0.07492831,-144.0547,3
0.02748873,3.14271,0.006301472,3.62845,0.08715992,-144.0583,3
0.01814878,3.137367,0.002684337,3.640606,0.05173768,-144.0638,3
0.03650321,3.129071,-0.0008296003,3.651999,0.0889435,-144.072,3
0.06572347,3.118284,0.008547314,3.65746,0.1149362,-144.0814,3
0.05387462,3.109052,-0.00871496,3.670504,0.08722411,-144.0895,3
0.01030756,3.10555,0.04109362,3.675221,0.1005703,-144.0965,3
-0.01317949,3.102049,0.008284059,3.681601,0.04955957,-144.1007,3
0.045627,3.095429,0.02314184,3.686156,0.03188288,-144.1038,3
-0.007044518,3.092649,-0.04334518,3.695363,0.05279185,-144.1088,3
0.00443321,3.086839,-0.03646746,3.703828,0.1462406,-144.1158,3
-0.01563622,3.084849,0.01104313,3.710658,0.05922502,-144.1192,3
0.02355652,3.083058,0.03481356,3.715161,0.08261043,-144.1279,3
0.02581425,3.079758,-0.03616376,3.729167,0.07575048,-144.1358,3
0.01376286,3.077332,-0.01916959,3.741668,0.06385732,-144.1427,3
0.05498284,3.072329,0.02475668,3.745624,0.06085533,-144.1505,3
-0.01005275,3.072264,0.009928792,3.75322,0.1043615,-144.1585,3
0.02378335,3.068942,-0.003026495,3.764379,0.1262004,-144.1677,3
0.0366649,3.060384,0.0002209913,3.77042,0.0319108,-144.1709,3
0.009269694,3.057493,-0.0195337,3.779951,0.06761723,-144.1763,3
0.03900453,3.053268,0.04523662,3.783317,0.1384675,-144.1836,3
0.06496193,3.045707,0.05787904,3.783647,0.06586103,-144.1883,3
0.02211494,3.041757,-0.03498847,3.794364,0.06797996,-144.1958,3
0.01378359,3.039076,0.02647286,3.799628,0.07627546,-144.2042,3
0.0203509,3.037649,-0.01478299,3.808171,0.08281983,-144.2108,3
0.009410101,3.035541,-0.05070465,3.82334,0.06360261,-144.2171,3
-0.01139807,3.037472,-0.01707194,3.833677,0.08725294,-144.2232,3
0.01312842,3.036204,0.01965842,3.838259,0.0859451,-144.2275,3
-0.006635053,3.042321,0.01046326,3.843714,0.08498867,-144.234,3
0.07891355,3.038171,0.03718801,3.845937,0.1136887,-144.2406,3
0.0251407,3.038991,0.05125782,3.846777,0.07814341,-144.245,3
0.127276,3.027632,-0.003440309,3.846986,0.110023,-144.2485,3
-0.04095699,3.030549,-0.0288842,3.860989,0.08806388,-144.2557,3
0.004681767,3.032929,0.007606395,3.871482,0.05626119,-144.2612,3
0.04359812,3.029022,0.004502715,3.876799,-0.01121212,-144.2624,3
0.03886499,3.027293,0.004315053,3.884397,0.04835254,-144.2645,3
0.01139197,3.028727,0.01386715,3.887944,0.05665674,-144.2684,3
0.004980496,3.031934,-0.01870995,3.894769,0.1033953,-144.2722,3
0.05700775,3.028431,-0.008013205,3.89984,0.05390379,-144.2749,3
0.04878139,3.025353,-0.0423662,3.90901,0.1039742,-144.2785,3
0.0008855952,3.024957,-0.02578362,3.915765,0.08041087,-144.2811,3
0.006903519,3.025124,-0.05340484,3.922185,0.05780593,-144.2816,3
0.04265501,3.02333,0.003710191,3.9306,0.08982307,-144.2854,3
0.005544177,3.023261,-0.025859,3.942831,0.04296727,-144.2895,3
0.06226545,3.020082,-0.003815193,3.95143,0.06280201,-144.2925,3
0.00817878,3.021181,0.0495663,3.951503,0.0794828,-144.2958,3
0.002580838,3.023095,0.04158885,3.95467,0.1040312,-144.3007,3
0.07405583,3.017136,-0.03500676,3.966246,0.0320868,-144.3034,3
0.01656632,3.016846,-0.0265822,3.97327,0.06907088,-144.3062,3
0.01561765,3.014296,-0.01657719,3.980333,0.05980912,-144.3091,3
0.05839797,3.010799,0.004759615,3.983887,0.0711953,-144.311,3
0.04341673,3.007623,-0.01662538,3.992266,0.1005304,-144.3153,3
-0.00365507,3.010549,0.0112883,3.99596,0.07901534,-144.3193,3
0.02402209,3.012518,0.007804392,4.003712,0.04323223,-144.3245,3
0.04650676,3.680047,-0.006462554,3.403461,0.02707435,0.006045817,3
0.03792227,3.678121,0.02519993,3.407568,0.1162951,0.003058713,3
0.04028818,3.676077,0.00642705,3.414183,0.06151646,0.004692721,3
0.05772287,3.674087,-0.0013923,3.420399,0.0414896,0.005680032,3
0.003597148,3.675233,-0.02141612,3.424,0.06342089,0.005279256,3
0.04718098,3.674614,0.008532382,3.428831,0.1196131,0.004286165,3
0.06100325,3.672068,-0.02081957,3.437805,0.06101975,0.006182256,3
-0.005306399,3.673148,0.0008562732,3.441935,0.0725571,0.005984317,3
0.07936514,3.669653,-0.05547745,3.456086,0.04679556,0.005134471,3
0.06433716,3.66514,-0.02611494,3.465717,0.04658002,0.0056107,3
0.05891643,3.663699,-0.004155145,3.472864,0.07617915,0.004963491,3
0.0570095,3.661098,-0.02699887,3.479765,0.1006175,0.004126473,3
0.03369318,3.66229,0.02645427,3.483061,0.0917049,0.004849737,3
0.05985806,3.657093,0.04745103,3.482409,0.06725459,0.006806759,3
-0.00883054,3.660052,3.68723e-06,3.491069,0.07524357,0.006390611,3
0.07106958,3.656223,-0.0005253105,3.496233,0.1060729,0.006702918,3
0.06014102,3.654033,0.002723532,3.500933,0.07138949,0.007049948,3
0.02114189,3.651589,-0.02358412,3.506716,0.08900525,0.007106102,3
0.008683408,3.655851,-0.0009997631,3.514982,0.07345647,0.006885177,3
0.0208498,3.657359,0.01857737,3.518754,0.08048276,0.007745169,3
0.02935169,3.658629,0.01857989,3.521448,0.05865179,0.007383089,3
0.08155712,3.653032,0.0435116,3.518929,0.07695495,0.008191249,3
0.01478097,3.651463,-0.01904893,3.524021,0.08642457,0.008362173,3
-0.02189115,3.653099,-0.02828615,3.530643,0.08102374,0.009451417,3
0.002820719,3.657978,-0.02582477,3.538513,0.03848866,0.0110537,3
0.01419492,3.658481,-0.01829687,3.542917,0.0764314,0.009626227,3
-0.02568786,3.664121,-0.0227069,3.549922,0.07466163,0.009895795,3
0.03034545,3.664142,0.007161802,3.551333,0.0165163,0.01285272,3
0.03828963,3.664051,-0.03440369,3.558176,0.05351819,0.01182639,3
0.02118848,3.666484,-0.03022821,3.56433,0.06881233,0.008827201,3
-0.008157523,3.673935,-0.02947192,3.574636,0.02868346,0.01180891,3
0.01958992,3.676652,-0.006188579,3.58286,0.03506396,0.01252698,3
0.07823147,3.673347,-0.06323706,3.596425,0.07430406,0.01178751,3
0.08188187,3.665139,-0.04036514,3.603996,0.04442218,0.009973841,3
0.02595965,3.667182,-0.03479101,3.619756,0.07495321,0.01086568,3
0.06056214,3.662942,0.02293096,3.622033,0.03064367,0.01256218,3
0.0009059425,3.665699,-0.004296264,3.627153,0.07307108,0.008673303,3
0.04106051,3.664895,-0.002372243,3.629826,0.09835556,0.008100993,3
0.007628698,3.667427,-0.01218773,3.635494,0.06149238,0.01130998,3
0.03873321,3.668509,-0.04094092,3.647091,0.09831782,0.00792057,3
0.007447774,3.672801,0.008158496,3.650444,0.02001162,0.009768541,3
-0.01995496,3.680871,-0.0003493255,3.656422,0.04449628,0.009860315,3
0.02275073,3.685616,-0.005221804,3.665481,0.03979452,0.009726308,3
0.01478843,3.687312,-0.01772271,3.671274,0.08178515,0.00859432,3
0.05173651,3.688271,-0.01681566,3.680937,0.0431555,0.008759075,3
0.001062562,3.692286,0.01527951,3.687229,0.0998501,0.007852204,3
-0.01196293,3.700613,-0.004756969,3.691586,0.09119424,0.006506701,3
-0.001978438,3.702365,-0.02469143,3.697189,0.09088442,0.007878641,3
0.01342582,3.703005,-0.009162399,3.707934,0.01720034,0.009086554,3
